ID,TITLE,marca,ram,tela,cor
1940486,"Smartphone LG Optimus L7 II Dual P716 Preto com Dual Chip, Tela de 4.3”, Android 4.1, Câmera 8MP, 3G, Wi-Fi, aGPS, Bluetooth e Cartão 4GB - Celular LG Optimus L7 II Dual",LG,,4.3,Preto
2277815,"Smartphone Samsung Galaxy S4 Mini Duos Preto com Dual Chip, Tela 4.3"", Android 4.2, Câmera 8MP e Processador Dual Core de 1.7 Ghz - Claro - Galaxy S4 Mini Duos",Samsung,,4.3,Preto
2961097,"Smartphone  Samsung Galaxy S5 SM-G900M Branco com Tela 5.1"", Android 4.4, 4G, Câmera 16MP e Processador Quad Core 2.5GHz",Samsung,,5.1,Branco
2961099,"Smartphone  Samsung Galaxy S5 SM-G900M Dourado com Tela 5.1"", Android 4.4, 4G, Câmera 16MP e Processador Quad Core 2.5GHz",Samsung,,5.1,Dourado
3031744,"Smartphone LG L90 Dual D410 Preto com Tela de 4.7”, Dual Chip, Android 4.4, Câmera 8MP e Processador Quad Core de 1.2 GHz",LG,,4.7,Preto
3076120,"Smartphone  Samsung Galaxy Core Plus Branco com Tela 4.3"", TV Digital, Dual Chip, Android 4.3, Processador Dual Core 1.2 Ghz e Câmera de 5MP",Samsung,,4.3,Branco
3507499,"Smartphone Samsung Galaxy Pocket 2 Duos SM-G110B Branco com Dual Chip, Android 4.4, Wi-Fi, 3G, GPS, Câmera 2MP, FM, MP3 e Bluetooth",Samsung,,,Branco
3507899,"Smartphone  Samsung Galaxy S5 Duos SM-G900 Preto com Dual Chip,Tela 5.1"", Android 4.4, 4G, Câmera 16MP e Processador Quad Core 2.5GHz",Samsung,,5.1,Preto
3580503,"Smartphone Samsung Galaxy Ace 4 Lite Duos G313M Preto com Tela de 4”, Dual Chip, Android 4.4, Câmera 3MP, 3G, WiFi e Processador de 1GHz",Samsung,,4.0,Preto
3608270,"Smartphone LG G2 Lite D295 Branco com Tela de 4.5”, Dual Chip, Android 4.4, Câmera 8MP, 3G e Processador Quad Core de 1.2GHz",LG,,4.5,Branco
3638254,"Smartphone Samsung Galaxy Young 2 Duos G130M Branco com Tela 3.5"", Dual Chip, Android 4.4, 3G, Wi-Fi, GPS, Rádio FM e Câmera de 3MP.",Samsung,,3.5,Branco
3638255,"Smartphone Samsung Galaxy Young 2 Duos G130M Cinza com Tela 3.5"", Dual Chip, Android 4.4, 3G, Wi-Fi, GPS, Rádio FM e Câmera de 3MP.",Samsung,,3.5,Cinza
3842557,"Smartphone Alcatel One Touch Pop C7 Branco com Tela 5”, Dual Chip, Câmera 8MP, Android 4.2, 3G e Processador Quad Core de 1.3 Ghz - Vivo",Alcatel,,5.0,Branco
4174797,"Smartphone Samsung Galaxy Win 2 Duos TV Branco com Dual Chip, Tela de 4.5"", TV Digital, Android 4.4, Câm. de 5MP e Processador Quad Core de1.2 Ghz",Samsung,,4.5,Branco
4174800,"Smartphone Samsung Galaxy Ace 4 Duos G313M/DS Cinza com Tela de 4”, Dual Chip, Android 4.4, Câmera 5MP, 3G e Processador Dual Core de 1GHz",Samsung,,4.0,Cinza
4186072,"Smartphone Samsung Galaxy A7 4G Duos SM-A700FD Branco com Dual Chip, Tela 5.5"", 4G, Android 4.4, Câmera 13MP e Processador Octa Core",Samsung,,5.5,Branco
4188382,"Smartphone Samsung Galaxy Ace 4 Duos G313M/DS Branco com Tela de 4”, Dual Chip, Android 4.4, Câmera 5MP, 3G e Processador Dual Core de 1GHz",Samsung,,4.0,Branco
4333921,"Smartphone Samsung Galaxy E5 4G Duos E500M/DS Branco com Dual Chip, Tela 5"" HD sAMOLED, Android 4.4, Câmera 8MP e Processador Quad Core 1.2GHz",Samsung,,5.0,Branco
4382821,"Smartphone Samsung Galaxy A5 4G Duos A500M/DS Dourado com Dual Chip, Tela 5"", Android 4.4, Câm.13MP e Processador Quad Core 1.2GHz",Samsung,,5.0,Dourado
4457760,"Smartphone Desbloqueado Samsung Galaxy S6 Edge SM-G925I Verde com 64GB, Tela de 5.1"", Android 5.0, 4G, Câmera 16 MP e Processador Octa Core",Samsung,,5.1,Verde
4457762,"Smartphone Samsung Galaxy S6 Edge SM-G925I Preto com 64GB, Tela de 5.1"", Android 5.0, 4G, Câmera 16 MP e Processador Octa Core",Samsung,,5.1,Preto
4457764,"Smartphone Samsung Galaxy S6 Edge SM-G925I Branco com 64GB, Tela de 5.1"", Android 5.0, 4G, Câmera 16 MP e Processador Octa Core",Samsung,,5.1,Branco
4626851,"Smartphone Microsoft Lumia 640XL Dual Preto com Windows Phone 8.1, Tela de 5.7"", Dual Chip, 3G, Câmera 13MP e Processador Quad Core de 1.2 GHz",Microsoft,,5.7,Preto
5409352,"Smartphone Samsung Galaxy Win 2 Duos TV G360BT Cinza com Dual Chip, Tela de 4.5"", TV Digital, Android 4.4, Câm. de 5MP e Processador Quad Core 1.2 GHz",Samsung,,4.5,Cinza
5409353,"Smartphone Samsung Galaxy Win 2 Duos TV G360BT Branco com Dual Chip, Tela de 4.5"", TV Digital, Android 4.4, Câm. de 5MP e Processador Quad Core 1.2GHz",Samsung,,4.5,Branco
6034913,"Smartphone Positivo Quattro X435 Preto com Dual Chip, Tela 5”, Android 5.1, Câmera 5MP, 4G, Wi-Fi, Bluetooth e Processador Quad Core 1.0GHz",Positivo,,5.0,Preto
7259387,"Smartphone LG K4 Indigo com 8GB, Dual Chip, Tela de 4.5"", 4G, Android 5.1, Câmera 5MP e Processador Quad Core de 1GHz",LG,,4.5,Indigo
7259389,"Smartphone LG K10 TV Índigo com 16GB, Dual Chip, Tela de 5.3"" HD, 4G, Android 6.0, Câmera 13MP e Processador Octa Core de 1.14 GHz",LG,,5.3,Indigo
7528302,"Smartphone Multilaser MS50 Colors Preto com Tela 5.0”, Dual Chip, Android 5.0, Câmera 8MP, Wi-Fi, 3G, Bluetooth e Processador Quad Core de 1.3 GHz",Multilaser,,5.0,Preto
7528303,"Smartphone Multilaser MS50 Colors Branco com Tela 5.0”, Dual Chip, Android 5.0, Câmera 8MP, Wi-Fi, 3G, Bluetooth e Processador Quad Core de 1.3 GHz",Multilaser,,5.0,Branco
7528304,"Smartphone Multilaser MS50 Senior Preto com Tela 5.0”, Dual Chip, Android 5.0, Câmera 8MP, Wi-Fi, 3G, Bluetooth e Processador Quad Core de 1.3 GHz",Multilaser,,5.0,Preto
7923488,Smartphone ASUS Zenfone II ZE551 16GB 4G Tela 5.5 ZE551ML-6C705WW - BVOLT,Asus,,,
8105618,"Smartphone Asus Zenfone 2 ZE551ML, 4G Android 5.0 Intel Quad Core 2.3GHz 16GB Câmera 13MP Tela 5.5, Dourado",Asus,,,Dourado
10500012,Capa Tpu Xiaomi Redmi 2 - Grafite,Xiaomi,,,Grafite
10514532,Capa Personalizada Exclusiva Xiaomi Redmi 2 - Ep10,Xiaomi,,,
10656975,"Smartphone Samsung Galaxy J2 Prime TV Dourado com 8GB, Dual chip, Tela 5"", TV Digital, 4G, Câmera 8MP, Android 6.0 e Processador Quad Core de 1.4 Ghz",Samsung,,5.0,Dourado
10656982,"Smartphone Samsung Galaxy J2 Prime TV Preto com 8GB, Dual chip, Tela 5"", TV Digital, 4G, Câmera 8MP, Android 6.0 e Processador Quad Core de 1.4 Ghz",Samsung,,5.0,Preto
10693619,"Smartphone Lenovo Vibe K6 Plus Grafite com 32GB, Tela 5.5"", Câmera 16MP, 4G, Dual Chip, Android 6.0, RAM de 3GB e Processador Qualcomm Octa-Core",Lenovo,3.0,5.5,Grafite
10693632,"Smartphone Lenovo Vibe K6 Plus Dourado com 32GB, Tela 5.5"", Câmera 16MP, 4G, Dual Chip, Android 6.0, RAM de 3GB e Processador Qualcomm Octa-Core",Lenovo,3.0,5.5,Dourado
11051210,"Smartphone Samsung Galaxy S7 edge Black Piano com 128GB, Tela 5.5"", Android 6.0, 4G, Câmera 12MP, Processador Octa-Core e 4GB RAM",Samsung,4.0,5.5,Black Piano
11051263,"Smartphone LG K10 Novo M250DS Titânio com 32GB, Dual Chip, Tela de 5.3"" HD, 4G, Android 7.0, Câmera 13MP e Processador Octa Core de 1.5 GHz",LG,,5.3,Titânio
11051270,"Smartphone LG K10 Novo M250DS Preto com 32GB, Dual Chip, Tela de 5.3"" HD, 4G, Android 7.0, Câmera 13MP e Processador Octa Core de 1.5 GHz",LG,,5.3,Preto
11051274,"Smartphone LG K10 M250DS Novo Dourado com 32GB, Dual Chip, Tela de 5.3"" HD, 4G, Android 7.0, Câmera 13MP e Processador Octa Core de 1.5 GHz",LG,,5.3,Dourado
11051280,"Smartphone LG K10 TV Power Índigo com 32GB, Dual Chip, Tela de 5,5”, HD, TV Digital, 4G, Android 7.0, Câmera 13MP e Processador Octa Core de 1.5 GHz",LG,,5.5,Indigo
11051284,"Smartphone LG K10 TV Power Titânio com 32GB, Dual Chip, Tela de 5.5"" HD, TV Digital, 4G, Android 7.0, Câmera 13MP e Processador Octa Core de 1.5 GHz",LG,,5.5,Titânio
11051299,"Smartphone LG K10 Pro LGM400DF Titânio com 32GB, Dual Chip, Tela de 5.7"" HD, Android 7.0, Câmera 13MP e Processador Octa Core de 1.5 GHz",LG,,5.7,Titânio
11433803,"Smartphone ASUS Zenfone 3 Max ZC553KL Cinza com 32GB, Tela de 5.5, Dual Chip, Android 6.0, 4G, Câmera 16MP, Processador Octa-Core e 3GB de RAM",Asus,3.0,,Cinza
11482037,"Smartphone Samsung Galaxy S8 Plus Dual Chip Prata com 64GB, Tela 6.2”, Android 7.0, 4G, Câmera 12MP e Octa-Core",Samsung,,6.2,Prata
11482047,"Smartphone Samsung Galaxy S8 Plus Dual Chip Ametista com 64GB, Tela 6.2"", Android 7.0, 4G, Câmera 12MP e Octa-Core",Samsung,,6.2,Ametista
11482056,"Smartphone Samsung Galaxy S8 Plus Dual Chip Preto com 64GB, Tela 6.2”, Android 7.0, 4G, Câmera 12MP e Octa-Core",Samsung,,6.2,Preto
11500460,"Smartphone ASUS Zenfone 3 Zoom ZE553KL Preto com 64GB, Tela 5.5, Dual Chip, Android 6.0, 4G, Câmera Dual 12MP, Processador Octa-Core e 4GB de RAM",Asus,4.0,,Preto
11516037,"Smartphone Motorola Moto E4 Plus Azul Safira 16GB, Tela 5.5'', Dual Chip, Android 7.1, Bateria 5.000 mAh, Câmera 13MP, Processador Quad-Core e 2GB RAM",Motorola,2.0,5.5,Azul Safira
11516052,"Smartphone Motorola Moto E4 XT1763 Ouro Rose com 16GB, Tela 5'', Dual Chip, Android 7.1, 4G, Câmera 8MP, Processador Quad-Core e 2GB de RAM",Motorola,2.0,5.0,Ouro Rose
11516060,"Smartphone Motorola Moto E4 XT1763 Titanium com 16GB, Tela 5'', Dual Chip, Android 7.1, 4G, Câmera 8MP, Processador Quad-Core e 2GB de RAM",Motorola,2.0,5.0,Titanium
11516065,"Smartphone Motorola Moto C Plus XT1726 Ouro com 8GB, Tela 5'', TV Digital, Dual Chip, Android 7.0, 4G, Câmera 8MP, Processador Quad-Core e 1GB de RAM",Motorola,1.0,5.0,Ouro
11516082,"Smartphone Motorola Moto E4 Plus Titanium 16GB, Tela 5.5'', Dual Chip, Android 7.1, Bateria 5.000 mAh, Câmera 13MP, Processador Quad-Core e 2GB de RAM",Motorola,2.0,5.5,Titanium
11516085,"Smartphone Motorola Moto E4 Plus Ouro 16GB, Tela 5.5'', Dual Chip, Android 7.1, Bateria 5.000 mAh, Câmera 13MP, Processador Quad-Core e 2GB de RAM",Motorola,2.0,5.5,Ouro
11516093,"Smartphone Motorola Moto E4 XT1763 Azul Safira com 16GB, Tela 5'', Dual Chip, Android 7.1, 4G, Câmera 8MP, Processador Quad-Core e 2GB de RAM",Motorola,2.0,5.0,Azul Safira
11516095,"Smartphone Motorola Moto Z2 Play Power Edition Ouro 64GB, Tela 5.5'', Dual Chip, Câmera 12MP, Android 7.1, Processador Octa-Core e 4GB de RAM",Motorola,4.0,5.5,Ouro
11516099,"Smartphone Motorola Moto Z2 Play Sound Edition Platinum 64GB, Tela 5.5'', Dual Chip, Câmera 12MP, Android 7.1, Processador Octa-Core e 4GB de RAM",Motorola,4.0,5.5,Platinum 
11516101,"Smartphone Motorola Moto Z2 Play Sound Edition Ouro 64GB, Tela 5.5'', Dual Chip, Câmera 12MP, Android 7.1, Processador Octa-Core e 4GB de RAM",Motorola,4.0,5.5,Ouro
11516103,"Smartphone Motorola Moto Z2 Play Projector Edition Platinum 64GB, Tela 5.5'', Dual Chip, Câmera 12MP, Android 7.1, Processador Octa-Core e 4GB de RAM",Motorola,4.0,5.5,Platinum 
11516105,"Smartphone Motorola Moto Z2 Play XT1710 Ouro com 64GB, Tela de 5.5'', Dual Chip, Câmera 12MP, Android 7.1, Processador Octa-Core e 4GB de RAM",Motorola,4.0,5.5,Ouro
11516108,"Smartphone Motorola Moto Z2 Play XT1710 Platinum com 64GB, Tela de 5.5'', Dual Chip, Câmera 12MP, Android 7.1, Processador Octa-Core e 4GB de RAM",Motorola,4.0,5.5,Platinum 
11516109,"Smartphone Motorola Moto Z2 Play Power Edition Platinum 64GB, Tela 5.5'', Dual Chip, Câmera 12MP, Android 7.1, Processador Octa-Core e 4GB de RAM",Motorola,4.0,5.5,Platinum 
11516120,"Smartphone Motorola Moto Z2 Play XT1710 Azul Topázio com 64GB, Tela de 5.5'', Dual Chip, Câmera 12MP, Android 7.1, Processador Octa-Core e 4GB de RAM",Motorola,4.0,5.5,Azul Topázio
11516848,"Smartphone ASUS Zenfone 3 Zoom ZE553KL Prata com 32GB, Tela 5.5, Dual Chip, Android 6.0, 4G, Câmera Dual 12MP, Processador Octa-Core e 3GB de RAM",Asus,3.0,,Prata
11516983,"Smartphone ASUS Zenfone 3 Zoom ZE553KL Rosa com 64GB, Tela 5.5, Dual Chip, Android 6.0, 4G, Câmera Dual 12MP, Processador Octa-Core e 4GB de RAM",Asus,4.0,,Rosa
11548157,"Smartphone Samsung Galaxy J7 Neo Dourado com 16GB, Tela 5.5"", Câmera 13MP, TV Digital HD, Dual Chip, Android, 7.0, Processador Octa Core e 2GB RAM",Samsung,2.0,5.5,Dourado
11548183,"Smartphone Samsung Galaxy J7 Neo Preto com 16GB, Tela 5.5"", Câmera 13MP, TV Digital HD, Dual Chip, Android, 7.0, Processador Octa Core e 2GB RAM",Samsung,2.0,5.5,Preto
11614697,"Smartphone LG K4 Novo, Titânio, X230DS,Tela de 5´´, 8GB, 8MP, OI",LG,,5.0,Titânio
11633185,"Smartphone Samsung Galaxy On7 G600FY 4G, Dual, Tela de 5.5 Polegadas, 16GB, Câmera de 13MP e Android 5.1",Samsung,,,
11654012,"Smartphone Asus Zenfone 3 Zoom ZE553KL Prata 64GB, Tela 5.5"", Dual Chip, Câmera 13MP, 4G, Android 6.0, Processador Octa-Core e RAM de 4GB",Asus,4.0,5.5,Prata
11666282,"Smartphone LG Q6+ Platinum com 64GB, Tela 5.5”, Android 7.0, 4G, Câmera 13MP, Processador Octa-Core e 4GB de RAM",LG,4.0,5.5,Platinum 
11700707,"Smartphone Motorola Moto G5s Plus XT1802 Platinum 32GB, Tela 5.5'', Dual Chip, TV Digital, Android 7.1, Câmera Traseira Dupla 13MP e 3GB RAM",Motorola,3.0,5.5,Platinum 
11700710,"Smartphone Motorola Moto G5s XT1792 Platinum com 32GB, Tela de 5.2'', Dual Chip, Android 7.1, 4G, Câmera 16MP, Processador Octa-Core e 2GB de RAM",Motorola,2.0,5.2,Platinum 
11700714,"Smartphone Motorola Moto G5s Plus XT1802 Azul Topázio 32GB, Tela 5.5'', Dual Chip, TV Digital, Android 7.1, Câmera Traseira Dupla 13MP e 3GB RAM",Motorola,3.0,5.5,Azul Topázio
11700716,"Smartphone Motorola Moto G5s Plus XT1802 Ouro Rosé 32GB, Tela 5.5'', Dual Chip, TV Digital, Android 7.1, Câmera Traseira Dupla 13MP e 3GB RAM",Motorola,3.0,5.5,Ouro Rose
11700720,"Smartphone Motorola Moto G5s XT1792 Ouro com 32GB, Tela de 5.2'', Dual Chip, Android 7.1, 4G, Câmera 16MP, Processador Octa-Core e 2GB de RAM",Motorola,2.0,5.2,Ouro
11811144,"Smartphone Motorola Moto Z2 Play GamePad Edition Platinum 64GB, Tela 5.5'', Dual Chip, Câmera 12MP, Android 7.1, Processador Octa-Core e 4GB de RAM",Motorola,4.0,5.5,Platinum 
11811145,"Smartphone Motorola Moto Z2 Play 360 Câmera Edition Topázio 64GB, Tela 5.5'', Dual Chip, Câmera 12MP, Android 7.1, Processador Octa-Core e 4GB de RAM",Motorola,4.0,5.5,
11822323,"Smartphone Asus Zenfone 4 Max ZC554KL Preto com 16GB, Tela 5.5"", Dual Chip, Câmera Traseira Dupla, 4G, Android 7.0, Processador Quad Core e 2GB RAM",Asus,2.0,5.5,Preto
11822328,"Smartphone Asus Zenfone 4 Max ZC554KL Gold com 16GB, Tela 5.5"", Dual Chip, Câmera Traseira Dupla, 4G, Android 7.0, Processador Quad Core e 2GB RAM",Asus,2.0,5.5,Gold
11822329,"Smartphone Asus Zenfone 4 Max ZC554KL Rosa com 16GB, Tela 5.5"", Dual Chip, Câmera Traseira Dupla, 4G, Android 7.0, Processador Quad Core e 2GB RAM",Asus,2.0,5.5,Rosa
11822336,"Smartphone Asus Zenfone 4 Selfie Pro ZD552KL Preto com 64GB, Tela 5.5"", Dual Chip, Câmera Frontal Dupla, Android 7.0, Processador Octa Core e 4GB RAM",Asus,4.0,5.5,Preto
11822337,"Smartphone Asus Zenfone 4 Selfie Pro ZD552KL Vermelho 64GB, Tela 5.5"", Dual Chip, Câmera Frontal Dupla, Android 7.0, Processador Octa Core e 4GB RAM",Asus,4.0,5.5,Vermelho
11822340,"Smartphone Asus Zenfone 4 Selfie Pro ZD552KL Gold com 64GB, Tela 5.5"", Dual Chip, Câmera Frontal Dupla, Android 7.0, Processador Octa Core e 4GB RAM",Asus,4.0,5.5,Gold
11822356,"Smartphone Asus Zenfone 4 Selfie ZD553KL Gold com 64GB, Tela 5.5"", Dual Chip, Câmera Frontal Dupla, Android 7.0, Processador Octa Core e 4GB RAM",Asus,4.0,5.5,Gold
11822364,"Smartphone Asus Zenfone 4 Max ZC554KL Rosa com 32GB, Tela 5.5"", Dual Chip, Câmera Traseira Dupla, 4G, Android 7.0, Processador Octa Core e 3GB RAM",Asus,3.0,5.5,Rosa
11822367,"Smartphone Asus Zenfone 4 Selfie ZD553KL Preto com 64GB, Tela 5.5"", Dual Chip, Câmera Frontal Dupla, Android 7.0, Processador Octa Core e 4GB RAM",Asus,4.0,5.5,Preto
11822369,"Smartphone Asus Zenfone 4 ZE554KL Verde com 64GB, Tela 5.5"", Dual Chip, Câmera Traseira Dupla, 4G, Android 7.0, Processador Octa Core e 4GB RAM",Asus,4.0,5.5,Verde
11822372,"Smartphone Asus Zenfone 4 Max ZC554KL Gold com 32GB, Tela 5.5"", Dual Chip, Câmera Traseira Dupla, 4G, Android 7.0, Processador Octa Core e 3GB RAM",Asus,3.0,5.5,Gold
11822373,"Smartphone Asus Zenfone 4 Selfie ZD553KL Rose Gold com 64GB, Tela 5.5"", Dual Chip, Câmera Frontal Dupla, Android 7.0, Processador Octa Core e 4GB RAM",Asus,4.0,5.5,Rose Gold 
11822377,"Smartphone Asus Zenfone 4 Selfie ZD553KL Verde com 64GB, Tela 5.5"", Dual Chip, Câmera Frontal Dupla, Android 7.0, Processador Octa Core e 4GB RAM",Asus,4.0,5.5,Verde
11822381,"Smartphone Asus Zenfone 4 ZE554KL Preto com 64GB, Tela 5.5"", Dual Chip, Câmera Traseira Dupla, 4G, Android 7.0, Processador Octa Core e 6GB RAM",Asus,6.0,5.5,Preto
11822386,"Smartphone Asus Zenfone 4 Max ZC554KL Preto com 32GB, Tela 5.5"", Dual Chip, Câmera Traseira Dupla, 4G, Android 7.0, Processador Octa Core e 3GB RAM",Asus,3.0,5.5,Preto
11822388,"Smartphone Asus Zenfone 4 ZE554KL Verde com 64GB, Tela 5.5"", Dual Chip, Câmera Traseira Dupla, 4G, Android 7.0, Processador Octa Core e 6GB RAM",Asus,6.0,5.5,Verde
11822392,"Smartphone Asus Zenfone 4 ZE554KL Preto com 64GB, Tela 5.5"", Dual Chip, Câmera Traseira Dupla, 4G, Android 7.0, Processador Octa Core e 4GB RAM",Asus,4.0,5.5,Preto
11822393,"Smartphone Asus Zenfone 4 ZE554KL Branco com 64GB, Tela 5.5"", Dual Chip, Câmera Traseira Dupla, 4G, Android 7.0, Processador Octa Core e 4GB RAM",Asus,4.0,5.5,Branco
11822405,"Smartphone Asus Zenfone 4 ZE554KL Branco com 64GB, Tela 5.5"", Dual Chip, Câmera Traseira Dupla, 4G, Android 7.0, Processador Octa Core e 6GB RAM",Asus,6.0,5.5,Branco
11823246,"Smartphone Sony Xperia XA1 G3116 Branco com 32GB, Tela 5"" HD, Dual Chip, Câmera 23MP, 4G, Android 7.0, Processador Octa-Core e 3GB RAM",Sony,3.0,5.0,Branco
11823248,"Smartphone Sony Xperia XA1 Plus G3426 Preto com 32GB, Tela 5,5"", Dual Chip, Câmera 23MP, 4G, Android 7.0, Processador Octa-Core e 4GB RAM",Sony,4.0,5.5,Preto
11823251,"Smartphone Sony Xperia XA1 Plus G3426 Dourado com 32GB, Tela 5,5"", Dual Chip, Câmera 23MP, 4G, Android 7.0, Processador Octa-Core e 4GB RAM",Sony,4.0,5.5,Dourado
11823252,"Smartphone Sony Xperia XZ1 G8341 Preto com 64GB, Tela 5,2"", Single Chip, Câmera 19MP, 4G, Android 8.0, Processador Octa-Core e 4GB RAM",Sony,4.0,5.2,Preto
11823263,"Smartphone Sony Xperia XZ1 G8341 Azul com 64GB, Tela 5,2"", Single Chip, Câmera 19MP, 4G, Android 8.0, Processador Octa-Core e 4GB RAM",Sony,4.0,5.2,Azul
11823304,"Smartphone Sony Xperia XZ1 G8341 Rose com 64GB, Tela 5,2"", Single Chip, Câmera 19MP, 4G, Android 8.0, Processador Octa-Core e 4GB RAM",Sony,4.0,5.2,
11915384,"Smartphone Motorola Moto E4 XT1763 Rose com 16GB, Tela 5'', Dual Chip, Android 7.1, 4G, Câmera 8MP, Processador Quad-Core e 2GB de RAM",Motorola,2.0,5.0,
12138108,"Smartphone Samsung Galaxy A8 Plus Ametista com 64GB, Dual Chip, Display Infinito de 6"", Android 7.1, Câmera 16MP, Proteção IP68, Octa Core e RAM de 4G",Samsung,4.0,6.0,Ametista
12138109,"Smartphone Samsung Galaxy A8 Plus Dourado com 64GB, Dual Chip, Display Infinito de 6"", Android 7.1, Câmera 16MP, Proteção IP68, Octa Core e RAM de 4GB",Samsung,4.0,6.0,Dourado
12138110,"Smartphone Samsung Galaxy A8 Plus Preto com 64GB, Dual Chip, Display Infinito de 6"", Android 7.1, Câmera 16MP, Proteção IP68, Octa Core e RAM de 4GB",Samsung,4.0,6.0,Preto
12564960,"Smartphone Samsung Galaxy S9 Plus Cinza 128GB, Tela Infinita de 6.2"", Dual Chip, Android 8.0, Câmera Dupla de 12MP, 6GB de RAM e Processador Octa-Core",Samsung,6.0,6.2,Cinza
12564961,"Smartphone Samsung Galaxy S9 Plus Ultravioleta 128GB, Tela Infinita 6.2"", Dual Chip, Android 8.0, Câmera Dupla de 12MP, 6GB RAM e Processador OctaCore",Samsung,6.0,6.2,Ultravioleta
12564975,"Smartphone Samsung Galaxy S9 Plus Preto 128GB, Tela Infinita de 6.2"", Dual Chip, Android 8.0, Câmera Dupla de 12MP, 6GB de RAM e Processador Octa-Core",Samsung,6.0,6.2,Preto
12669434,"Smartphone Motorola Moto G6 Play XT1922 Índigo com 32GB, Tela de 5.7'', Dual Chip, Android 8.0, 4G, Câmera 13MP, Processador Octa-Core e 3GB de RAM",Motorola,3.0,5.7,Indigo
12669436,"Smartphone Motorola Moto G6 Play XT1922 Ouro com 32GB, Tela de 5.7'', Dual Chip, Android 8.0, 4G, Câmera 13MP, Processador Octa-Core e 3GB de RAM",Motorola,3.0,5.7,Ouro
12727827,"Smartphone Motorola Moto G6 Plus XT1926 Índigo 64GB, Tela de 5.9"", Dual Chip, Android 8.0, Câmera Traseira Dupla, Processador Octa-Core e 4GB de RAM",Motorola,4.0,5.9,Indigo
12731786,"Smartphone Samsung Galaxy S8 Plus Dual Chip Prata com 64GB, Tela 6.2”, Android 7.0, 4G, Câmera 12MP e Octa-Core - CLARO",Samsung,,6.2,Prata
12842697,"Smartphone Motorola Moto E5 XT1944 Ouro com 16GB, Tela 5.7'', Dual Chip, Android 8.0, 4G, Câmera 13MP, Processador Quad-Core e 2GB de RAM",Motorola,2.0,5.7,Ouro
12842708,"Smartphone Motorola Moto E5 XT1944 Platinum com 16GB, Tela 5.7'', Dual Chip, Android 8.0, 4G, Câmera 13MP, Processador Quad-Core e 2GB de RAM",Motorola,2.0,5.7,Platinum 
12950125,"Smartphone Motorola Moto Z3 Play Gamepad Índigo 64GB, Tela 6'', Dual Chip, Câmera Traseira Dupla, Android 8.1, Processador Octa-Core e 4GB de RAM",Motorola,4.0,6.0,Indigo
22996794,"Celular Smartphone Tp-link Neffos C5l 4g Lte 4.5"" 8gb Branco",TP-Link,,4.5,Branco
28304576,Smartphone Motorola Moto C Plus XT1723 Dual Sim LTE 5.0´´ 16GB Câm.8MP+2MP-Preto,Motorola,,5.0,Preto
35237715,Smartphone LG K4 Novo X230 8GB LTE Dual Sim Tela de 5.0'' -Marrom,LG,,5.0,Marrom
37556831,"Smartphone LG K9 TV 16GB, Tela de 5.0"" HD Android 7.0 Câmera 8MP Dourado",LG,,5.0,Dourado
39512318,Smartphone Huawei Mate 10 Lite 64gb 4 Gb Ram DualSim Tela 5.9 - Dourado,Huawei,4.0,,Dourado
132118377,"Smartphone Samsung Galaxy S8+ Dual Chip Android 7.0 Tela 6.2"" Octa-Core 2.3 GHz 64GB Câmera 12MP - Preto",Samsung,,6.2,Preto
132931253,Smartphone Samsung Galaxy S8+ 64GB - Preto + Gear VR com controle 2,Samsung,,,Preto
133274881,"Smartphone Samsung Galaxy J7 Prime 2 Dual Chip Android 7.1 Tela 5.5"" Octa-Core 1.6GHz 32GB 4G Câmera 13MP com TV - Dourado",Samsung,,5.5,Dourado
133274988,"Smartphone Samsung Galaxy S9+ Dual Chip Android 8.0 Tela 6.2"" Octa-Core 2.8GHz 128GB 4G Câmera 12MP Dual Cam - Ultravioleta",Samsung,,6.2,Ultravioleta
686521708,Smartphone Lg K10 Novo 2017 32gb E 2g Ram +  Frete Grátis,LG,2.0,,
708769702,Lançamento Smartphone Cat S61 Tela 5.2 64gb 4g Dual Sim,,,,
780539443,Celular Xiaomi Redmi Mi A1 4g Dual 64gb 4gb Ram 5.5' Lacrado,Xiaomi,4.0,5.5,
794323295,Smartphone Cat Caterpillar S60 Lte 32gb !! Pronta Entrega !!,Caterpillar,,,
795691568,Smartphone Celular Caterpillar Cat S60 32gb Câm Térmica 4g,Caterpillar,,,
823209286,Celular Caterpillar Cat S60 32gb Cam Térmica 4g Original,Caterpillar,,,
853248747,Smartphone Motorola Moto C Plus 16gb Mem 4g Dual 2gb Ram,Motorola,2.0,,
853254183,Smartphone Motorola Moto C Plus 16gb Mem 4g Dual 2gb Ram,Motorola,2.0,,
882236621,Smartphone Barato Xiaomi Redmi Note 4 Leitor De Digital 32gb,Xiaomi,,,
888708040,Smartphone Samsung Galaxy S6 Edge G925i 32gb Preto (vitrine),Samsung,,,Preto
925541875,Smartphone Samsung Galaxy J7 Pro 64gb 4g J730 12x Sem Juros,Samsung,,,
925541897,Smartphone Samsung Galaxy J7 Pro 64gb 4g J730 Desbloqueado,Samsung,,,
928765806,Lançamento Xiaomi Redmi S2 64gb Dual Sim Rom Global Oreo 8.1,Xiaomi,,,
934735632,"Smartphone Samsung Galaxy S8+ Dourado Tela 6,2  Android 7.0",Samsung,,,Dourado
938747422,"Smartphone Samsung Galaxy J7 Pro Preto Tela 5,5'' Android 7.",Samsung,,5.5,Preto
949335833,"Smartphone Samsung Galaxy S8+ Dourado Tela 6,2  Android 7.0",Samsung,,,Dourado
949937239,Smartphone Samsung Galaxy S9 128gb Preto - Lacrado C/nf,Samsung,,,Preto
963744829,Smartphone Celular Original Lg K4 8gb 2017 2 Chips Quad Core,LG,,,
966734967,Celular Xiaomi Redmi Note 5 64gb 4gb Ram 5.9p 12mp Nfe Novo,Xiaomi,4.0,,
966738228,Celular Xiaomi Redmi Note 5 64gb 4gb Ram 5.9 Nfe Novo 12x Sj,Xiaomi,4.0,,
971694246,Celular Galaxy J2 Prime 4g Samsung Smartphone 8gb Original,Samsung,,,
978614387,Celular Caterpillar Cat S60 Dual Chip 32gb 4g 100%original,Caterpillar,,,
988804788,"Xiaomi Redmi 5 Plus 64gb 4gb Dual Chip Rom Global Tela 5,99'",Xiaomi,,5.99,
989085729,Smartphone Motorola Moto Z2 Play Polaroid Edition Dualchip,Motorola,,,
993672482,Smartphone Apple Iphone 5c 16gb Original Apple,Apple,,,
994413047,Lançamento Xiaomi Redmi S2 32gb Dual Sim Rom Global Oreo 8.1,Xiaomi,,,
996979135,"Smartphone Apple Iphone 8 Plus 64gb Tela 5,5",Apple,,,
1001010116,"Xiaomi Redmi 5 Plus 32gb 3gb Dual Chip Rom Global Tela 5,99'",Xiaomi,,5.99,
1002167408,Celular Smartphone Samsung Galaxy S9+ Preto 128gb,Samsung,,,Preto
1005566988,"Smartphone Samsung Galaxy J2 Pro Preto, Tela 5  Android 7.1,",Samsung,,,Preto
1006396800,Smartphone Motorola Moto E4 Plus Xt1771 Xt1773 16gb 5.5 Gold,Motorola,,,Gold
1007140648,Promoção Xiaomi Redmi Note 5 4gb Ram 64gb + Full Cover,Xiaomi,4.0,,
1007191413,Smartphone Samsung Galaxy J7 Pro 2017 Sm-j730gm Dual Sim 32g,Samsung,,,
1008654818,Smartphone Motorola Moto C Plus Android 7.0 16gb Dual Chip,Motorola,,,
1012139183,Smartphone Xiaomi Redmi Mi A2 Lite 64gb Dual 4gb Ram Global,Xiaomi,4.0,,
1012568407,Smartphone Samsung A530f Galaxy A8 Duos Dual Tela 5.6 64gb,Samsung,,,
1012572119,Smartphone Samsung A530f Galaxy A8 Duos Dual Tela 5.6 64gb,Samsung,,,
1015961356,Celular Smartphone Xiaomi Redmi 5 Plus 32gb Gold Novo,Xiaomi,,,Gold
1018417200,Smartphone Moto C Xt1758 16gb Tela 5 5mp/2mp 100%original,Motorola,,,
1018571570,Smartphone Motorola Moto G6 Play 32gb Índigo Xt1922/i,Motorola,,,Indigo
1018580732,Smartphone Motorola Moto G6 Plus 64gb Índigo Xt1926/i,Motorola,,,Indigo
1020035570,Smartphone Motorola Moto G6 Plus 64gb 4gb Octacore - Índigo,Motorola,,,Indigo
1023339086,"Smartphone Samsung Galaxy J7 Neo Tv Tela 5.5 , Android",Samsung,,,
1027402963,Celular Smartphone Motorola Moto C Xt1750 8gb Dual Chip,Motorola,,,
1029075911,Celular Smartphone Motorola Moto Z2 Play 64gb Gold Xt1710-08,Motorola,,,Gold
1029807147,Celular Smartphone Moto E4 Plus 5.5 16gb Biometria Dual Sim,Motorola,,,
1030257890,Celular Smartphone Galaxy S9 +(plus) 128 Gb Preto,Samsung,,,Preto
1030654364,Smartphone Samsung Galaxy J7 Neo 16gb Tv Dual Octa Dourado,Samsung,,,Dourado
1030654602,Smartphone Samsung Galaxy J7 Neo 16gb Tv Dual Octa Preto,Samsung,,,Preto
1031248030,Celular Xiaomi Redmi 6 32gb 3gb 12mp 5.45´´ Original Global,Xiaomi,,5.45,
1031580444,Smartphone Sony Xperia Xa1 Ultra G3223 32gb 1sim,Sony,,,
1032255419,Celular Novo Original Mi5 Plus Xiaomi Redmi 3gb 32gb Lacrado,Xiaomi,,,
1034382580,Smartphone Lg K10 Novo M250ds Dourado Novo Com Nota Fiscal,LG,,,Dourado
1035166074,Smartphone Alcatel A3 Xl Max Dourado 32gb 3gb Ram Quad-core,Alcatel,3.0,,Dourado
1037288883,Xiaomi Redmi Note 5 64gb Dual Global + Combo + Nota Fiscal,Xiaomi,,,
1038041560,Celular Xiaomi Redmi Note 4 64gb 5.5,Xiaomi,,,
1041490991,Celular Smartphone Lg K4 Android Barato 2017 Whats Original,LG,,,
1043503732,"Celular Xiaomi Redmi 5 Tela 5,7 Global 3gb Ram 32gb Interno",Xiaomi,3.0,,
1044473677,Smartphone Motorola Moto Z3 Play Stereo Speaker 64gb Tela 6,Motorola,,,
1046397164,Smartphone Motorola Moto G6 Play 32gb 3gb Octacore - Ouro,Motorola,,,Ouro
1047430612,Smartphone Motorola Moto Z3 Play 64gb Indigo Lacrado,Motorola,,,Indigo
1047657004,Smartphone Samsung Galaxy S8 + Plus Tela 6.2 Dual Sim 64gb,Samsung,,,
1047753461,Celular Smartphone Motorola Moto Z3 Play Indigo Tela 6,Motorola,,,Indigo
1047753466,Celular Smartphone Motorola Moto Z3 Play Indigo Tela 6,Motorola,,,Indigo
1047891834,Smartphone Motorola Moto G6 Plus 64gb 4gb Octacore - Índigo,Motorola,,,Indigo
1049234402,Celular Smartphone Samsung Galaxy S9+ Cinza Tela 6.2  128gb,Samsung,,,Cinza
1050050349,Smartphone Xiaomi Redmi Note 4 32gb 3gb Ram Dual Chip Global,Xiaomi,3.0,,
1050184472,Smartphone Motorola Moto G6 Play Dourado 32 Gb Xt1922/o,Motorola,,,Dourado
1051307693,Smartphone Xiaomi Redmi Note 5 64gb Mem 4gb Ram Dual 5.99pol,Xiaomi,4.0,,
1051493880,Smartphone Caterpillar Cat S60 32gb 4g Original Com Nf-e,Caterpillar,,,
1051654890,Smartphone Motorola Moto C Plus Xt1723 Dualchip16gb Original,Motorola,,,
1052217524,Smartphone Motorola Moto Z3 Play Power Pack Dtv 64gb Índigo,Motorola,,,Indigo
1052937921,Smartphone Samsung Galaxy S7 Edge 128gb Blackpiano+ Nota,Samsung,,,
1053117552,Smartphone Motorola Moto E5 Plus Dual Chip Prom Dia Das Cria,Motorola,,,
1055309712,Smartphone Xiaomi Redmi Note 5 32gb Mem 3gb Ram Dual 5.99pol,Xiaomi,3.0,,
1056180430,Smartphone Motorola Moto G6 Play Dourado 32 Gb Xt1922,Motorola,,,Dourado
1057683586,Smartphone Huawei P20 Lite Lx3 Single Sim 32gb Lacrado,Huawei,,,
1059557528,Xiaomi Redmi Note 5 64gb / 4gb Ram V. Global,Xiaomi,4.0,,
1059858676,Promoção Celular Xiaomi Redmi Note 5 64gb 4gb Android Note5,Xiaomi,,,
1059858753,Novo Celular Xiaomi Redmi Note 5 64gb 4gb Ram Versão Global,Xiaomi,4.0,,
1064689264,Celular Smartphone Moto E4 Plus 5.5 16gb Biometria Dual Sim,Motorola,,,
1064788363,Smartphone Motorola Moto Z3 Play 128gb Dual Android 8.1 Ônix,Motorola,,,
1064790531,Smartphone Motorola Moto Z3 Play 128gb Dual Android 8.1 Ônix,Motorola,,,
1065283874,Celular Caterpillar Cat S60 Dual Chip 32gb 4g Original C/ Nf,Caterpillar,,,
1065585288,Promoção Celular Smartphone Moto E4 Plus 5.5 16gb Top,Motorola,,,
1065585530,Promoção Celular Smartphone Moto E4 Plus 5.5 16gb Biometria,Motorola,,,
1066788444,Smartphone Xiaomi Mi Mix 2s Dual Sim 64gb-5.99 12mp  Preto,Xiaomi,,,Preto
1068666965,Celular Novo Xiaomi Redmi Note 5 64gb Pro 4gb Ram Global 4g,Xiaomi,4.0,,
1068667284,Celular Original Xiaomi Redmi Note 5 64gb Pro 4gb Ram Global,Xiaomi,4.0,,
1069221420,Smartphone Samsung Galaxy J7 Prime 2 Dourado 32gb Dual Chip,Samsung,,,Dourado
1069533955,Celular Xiaomi Redmi Note 5 Pro 64gb 4gb Global 12x Sem Juro,Xiaomi,,,
1071902269,Smartphone Motorola Moto G6 Plus 64gb Azul Topázio,Motorola,,,Azul Topázio
1072694604,Smartphone Motorola Moto G6 Plus 64gb Octacore2.2ghz Topazio,Motorola,,,
1074084470,Smartphone Xiaomi Redmi Note 5 64gb Mem 4gb Ram Dual 5.99pol,Xiaomi,4.0,,
1074517610,Celular Xiaomi Redmi 6 32gb 3gb Ram Dual Camera Novo Lacrado,Xiaomi,3.0,,
1074965120,Smartphone Lenovo K8 Plus 32gb Mem 3gb Ram Dual 4g 5.2pol,Lenovo,3.0,,
1075447621,Smartphone Meizu M5c Dual Sim 4g 2gb Ram 16gb - Preto,Meizu,2.0,,Preto
1075829522,Smartphone Samsung Galaxy A7 2017 64gb Rosa,Samsung,,,Rosa
1076128732,Celular Xiaomi Redmi Note 5 64gb Global Lacrado Dual Chip,Xiaomi,,,
1076130218,Celular Xiaomi Redmi Note 5 64gb Global Lacrado Dual S/juros,Xiaomi,,,
1076567935,Smartphone Xiaomi Mi A2 Lite Global 4gb Ram 64gb P/ Entrega,Xiaomi,4.0,,
1077518301,Smartphone Motorola Moto G5s Plus 32gb Mem 3gb Ram Dual,Motorola,3.0,,
1078008721,Smartphone Meizu M5c Dual Sim 4g 2gb Ram 16gb - Preto,Meizu,2.0,,Preto
1078146167,Celular Xiaomi Redmi Note 5 32gb 3gb Global Lacrado Preto,Xiaomi,,,Preto
1078800753,Smartphone Xiaomi Mi A2 Lite 64gb Mem 4gb Ram 4g - Preto,Xiaomi,4.0,,Preto
1080137203,Celular Xiaomi Redmi Note 5 64gb/4gb Versão Global Lacrado,Xiaomi,,,
1080195907,Smartphone Xiaomi Mi A2 Lite Global 3gb Ram 32gb P/ Entrega,Xiaomi,3.0,,
1080200504,Smartphone Xiaomi Mi A2 Lite Global 3gb Ram 32gb P/ Entrega,Xiaomi,3.0,,
1080200544,Celular Xiaomi Redmi Note 5 32gb Global Lacrado Dual S/juros,Xiaomi,,,
1080209407,Smartphone Xiaomi Mi A2 Lite Global 3gb Ram 32gb P/ Entrega,Xiaomi,3.0,,
1080212639,Smartphone Xiaomi Mi A2 Lite Global 3gb Ram 32gb P/ Entrega,Xiaomi,3.0,,
1080461251,"Smartphone Xiaomi Mi A2 Lite 4gb Ram 64gb 4000mah 4g 5,84",Xiaomi,4.0,,
1080679988,Smartphone Motorola Moto Z2 Play Xt1710 4gb/64gb 5.5'' Dual,Motorola,,5.5,
1080762936,Smartphone Xiaomi Mi A2 4gb/64gb Dual Sim Tela 5.99'' Global,Xiaomi,,5.99,
1080788081,Smartphone Xiaomi Mi A2 4gb/64gb Dual Sim Tela 5.99'' Global,Xiaomi,,5.99,
1081323151,Smartphone Xiaomi Mi A2 Dualsim 4gb/32gb 5.99' Versão Global,Xiaomi,,5.99,
1081331222,Smartphone Xiaomi Mi A2 Dualsim 4gb/32gb 5.99' Versão Global,Xiaomi,,5.99,
1081996918,Smartphone Xiaomi Mi A2 4gb/64gb Dual Sim Tela 5.99'' Global,Xiaomi,,5.99,
1082222062,Smartphone Motorola Moto G5s Xt1794 Dual Sim 32gb 5.2 16mp,Motorola,,,
1082530568,Celular Xiaomi Redmi Note 5 32gb 3gb  Global,Xiaomi,,,
1082845380,"Smartphone Samsung Galaxy S9 Plus Preto 128gb, Tela Infinita",Samsung,,,Preto
1084340822,Smartphone Xiaomi Mi A2 Dual Sim 32g - 5.99   -  Ver Cores,Xiaomi,,,
1084664814,Smartphone Xiaomi Redmi Note 5 64gb 4gb Ram 4g Tela 5.99,Xiaomi,4.0,,
1084723595,Smartphone Lenovo K8 Note 32gb 3gb Ram 4g Dual Sim Tela 5.5,Lenovo,3.0,,
1085629274,Celular Xiaomi Redmi Note 5 32gb 3gb Global Lacrado Dourado,Xiaomi,,,Dourado
1087684396,Smartphone Xiaomi Mi 8 64gb/6gb Dual Sim Global P/ Entrega,Xiaomi,,,
1087722575,Smartphone Xiaomi Mi 8 64gb/6gb Dual Sim Global P/ Entrega,Xiaomi,,,
1091120060,Smartphone Xiaomi Mi A2 64gb Dualsim 4gb 5.99' Versão Global,Xiaomi,,5.99,
1091992932,Smartphone Motorola Moto E4 Plus Biometria 3g Ram Tela 5.5,Motorola,3.0,,
1092661462,"Xiaomi Redmi 6 64gb 4g 4gb Ram Tela 5,45' Android 8.1",Xiaomi,4.0,5.45,
1092661463,"Celular Xiaomi Redmi 6 64gb 4g 4gb Ram Tela 5,45' Original",Xiaomi,4.0,5.45,
1093035273,Celular Xiaomi Redmi Note 4x 64gb 4gb Ram Original Lacrado,Xiaomi,4.0,,
1093039426,Smartphone Xiaomi Redmi Note 5 32gb 3gb Original,Xiaomi,,,
1093175873,Celular Samsung J8 64gb Violeta Tela 6'' 4g,Samsung,,6.0,
1093182031,Celular Samsung J8 64gb Prata Tela 6'' 4g,Samsung,,6.0,Prata
1093287213,Smartphone Samsung Galaxy J5 Prime 32gb 13mp +brindes,Samsung,,,
1094540437,Smartphone Samsung Galaxy S9 Plus 128gb Anatel/nf/garantia,Samsung,,,
1094961305,Smartphone Xiaomi Mi 8 Dualchip 128gb/6gb Versão Global,Xiaomi,,,
1095770972,Smartphone Xiaomi Mi A2 Dual Sim 32g - 5.99   -  Ver Cores,Xiaomi,,,
1095907681,Smartphone Samsung A530f Galaxy A8 Duos Dual Tela 5.6 64gb,Samsung,,,
1096480874,Smartphone Lenovo K8 Plus 32gb Mem 3gb Ram Dual 4g,Lenovo,3.0,,
1096689287,Smartphone Blu Vivo Xi+ Plus Dual Sim 128gb 6gb Ram Tela 6.2,BLU,6.0,,
1097126756,Smartphone Motorola G5s Plus 32gb Android Barato Celular 4g,Motorola,,,
1100178494,Smartphone  Moto Z2 Play 64gb Xt1710 5.5 Full Hd 4gb Ram,Motorola,4.0,,
1102627055,Samsung J810m Galaxy J8 64gb,Samsung,,,
1102913867,Smartphone Samsung Galaxy J4 J400m 16gb Desbloqueado Preto,Samsung,,,Preto
1111104349,Smartphone Xiaomi Redmi Note 4x 64gb 4gb Rom Global,Xiaomi,,,
1112728925,Celular Xiaomi Redmi S2 64gb 4gb De Ram 4g Lacrado *global,Xiaomi,4.0,,
1113203077,Smartphone Samsung Galaxy J6 Sm-j600g/ds Dual Sim 32gb .,Samsung,,,
1115652402,Celular Xiaomi Redmi Note 5 64gb 4gb 5.99pol,Xiaomi,,,
1118394240,Celular Xiaomi Redmi Note 5 32gb 3gb C/ 3 Brindes,Xiaomi,,,
1119634973,Celular Xiaomi Redmi 6 32gb 3gb Ram Dual Cam,Xiaomi,3.0,,
